title,field_primary_speciality,field_image,field_about_doctor,field_competencies,field_professional_experience,field_education_training,field_conferences_seminars,field_awards_distinctions,field_publications,field_memberships,field_original_url
Dr. Marmandiu Răzvan,Medic primar Pneumologie,marmandiu RAZVAN.jpeg,,"<p>Consultații pneumologie</p>
<p>Spirometrii</p>","<p>2021- prezent Medic primar Pneumolog NORD Muntenia Hospital</p>
<p>2008-2013 Medic în Programul Național “Stop Fumat”</p>
<p>2007-2010 Responsabil cu protecția radiologică în Laboratorul RxT a Spitalului PNF “Sfântul Ilie” Pitești</p>","<p>2010 Medic primar Pneumologie</p>
<p>2005 Atestat-competență în Endoscopie Bronșică</p>
<p>2004 Medic specialist în Pneumologie, cursuri și stagii practice făcute sub îndrumarea metodologică a Institutului “Maris Nasta”</p>
<p>1996-1997 Medic stagiar la Spitalul Universitar București</p>
<p>1995 Absolvent al UMF Târgu-Mureș</p>","<p>Practică și curs universitar “Managementul noninvaziv al insuficienței respiratorii acute și cronice”</p>
<p>Spitalul Universitar Elias București, nov. 2017-mar. 2018. Cursuri: Ventilație non-invazivă. Hands on, SRP, nov. 2017, Ventilația non-invazivă în practica clinică, SRP, oct. 2016, Linde Workshop VNI, apr.2016, Timișoara, Workshop de Ventilație non-invazivă, SRP, oct 2014, Sibiu.</p>
<p>Severe Asthma Preceptorship, University Hospital Manchester, North-West Centre., iun. 2017.</p>
<p>Curs de Malpraxis, SRP și Universitatea Pitești, apr. 2016. Cursul de Polisomnografie. Hands on, SRP, iun.2015, Brașov,</p>
<p>Curs de Polisomnografie, SRP, iun. 2013, Sibiu.</p>
<p>Managementul cazului de MDR-TB, Centrul pentru Politici și Servicii de Sănătate și Programul Național de Control al Tuberculozei, iun. 2014.</p>
<p>Cursul privind implementarea strategiei naționale DOTS, Institutul “Marius Nasta”, 2004,</p>
<p>Cursul “Diagnosticul și terapia insuficienței respiratorii folosind noi tehnologii”, în cadrul Proiectului “Calitatea în serviciile medicale de Pneumologie” – POSDRU, mai 2012.</p>
<p>Școala de vară “Dezvoltarea capacității de prevenire și control al bolilor respiratorii în România”, atelierele: Management de proiect și surse de finanțare, Managementul calității, Institutul “Marius Nasta”, sep. 2008.</p>
<p>Cursuri de tabacologie: “Inițierea în terapia tabagismului”, “ Tehnici cognitive în terapia tabagismului”, “Curs de Sevraj Nicotinic”, Institutul “Marius Nasta”, 2008.</p>
<p>Curs de “Protecția radiologică în diagnosticul radiologic și radiologie intervențională” Centrul Național de Perfecționare în Domeniul Sanitar feb.-mar. 2007.</p>
<p>Curs de “Corticoterapia în practica medicală. Dovezi de eficiență și siguranță în administrare”, Societatea Română de Farmacologie, Terapeutică și Toxicologie Clinică, mar. 2002.</p>
<p>Curs în cadrul STEMI. De la ghiduri la practica medicală, 2000, Societatea Română de Cardiologie. Curs internațional de Epidemiologie și Infecții Nosocomiale, Ministerul Sănătății, Fundația “Merieux” Franța, CDC Atlanta, mai 1999</p>",,,,Pneumologie
Dr. Barbu Cornelia,Medic primar Medicina Interna,,,<p>Consultații medicina internă</p>,"<p>2011- prezent Medic primar NORD Muntenia Hospital</p>
<p>1997 – Medic primar Spitalul Județean Argeș, Pitești, Ambulatoriul de Specialitate, Cabinetul de Medicină Internă</p>
<p>1992 – 1997 – Medic specialist Spitalul Județean Argeș, Pitești, Ambulatoriul de Specialitate, Cabinetul de Medicină Internă</p>","<p>1990 -1992 – Medic rezident în specialitatea medicină internă Spitalul Județean Argeș, Pitești, Medicina Internă, Secția Medicală 1</p>
<p>1989 – 1990 – Medic rezident în specialitatea medicină internă Spitalul Universitar de Urgență București, Medicina Internă – Clinică</p>
<p>1987 -1989 – Medic de întreprindere Arpechim Pitești, Dispensarul Policlinic Arpechim Pitești</p>
<p>1984 – 1987 – Medic de întreprindere Uzina de Autoturisme Pitești (UAP) Dispensar Policlinic UAP Pitești</p>
<p>1981-1984 – Medic stagiar Spitalul Județean Argeș, Medicina Generală</p>",,,,"<p>2008 – Membru European Academy of Clinical Immunology</p>
<p>2007 – Membru European Respiratory Society (ERS)2006 – Membru Societatea Română de Neurogastroenterologie</p>
<p>2006 – Membru European Society of Neurogastroenterology and Motility</p>
<p>2006 – Membru Societatea Română de Pneumologie</p>
<p>2006 – Membru Societatea Română de Cardiologie</p>
<p>2005 – Membru Federația Europeană de Medicină Internă</p>
<p>2004 – 2008 – membru al Consiliului Județean Colegiul Medicilor din România</p>
<p>2004 – Membru Asociația Europeană pentru Studiul Ficatului</p>
<p>2003 – Membru Asociația Română pentru Studiul Ficatului</p>
<p>2001 – Membru Societatea Română de Medicină Internă</p>
<p>2002 – Membru Societatea Română de Gastroenterologie, Hepatologie și Endoscopie Digestivă</p>",Medicina interna
Dr. Todorovic Petar,Medic specialist Chirurgie plastica,todorovic PETAR.jpg,,"<p>Chirurgie plastică, estetică</p>
<p>Microchirurgie reconstructivă</p>","<p>2022- prezent: Medic specialist Chirurgie plastică, estetică și microchirurgie reconstructivă – NORD Muntenia Hospital</p>","<p>2019 – 2021: Contract de garzi chirurgie plastica, estetica si microchirurgie reconstructiva cu SUUB</p>
<p>2017 – 2021: Bucuresti, România Medic rezident – Chirurgie plastica, estetica si microchirurgie reconstructiva SUUB</p>
<p>2010 – 2016: Bucuresti, România-Doctor – Medic – UMF Carol Davila</p>
<p>2005  – 2009: Zaječar, Serbia-MEDICINSKA SESTRA – TEHNIČAR; Asistent medical generalist – Srednja Medicinska Škola;</p>","<p>2021 – Online Master series -Microsurgery for residents ed.2 webinar</p>
<p>2020 – Online Master series -Microsurgery for residents ed.1</p>
<p>2020 – Webinar Abordarea integrată a cancerului mamar</p>
<p>2019 – București Tendințe emergente în chirurgia plastică</p>
<p>2019 – București Al XVI-lea congres al asociației chirurgilor plasticieni din Romania; Tema:Chirurgia plastica a secolului XXI</p>
<p>2018 – Actualități în chirurgia plastică. Dileme în vindecarea tisulară</p>
<p>2017 – București Skin cancer-curs de dermatoscopie cu participare internațională</p>
<p>2017 – București Neauvia art of beauty -from product to techniques for beauty perfection</p>
<p>2017 – Bucuresti A 3-a conferința națională de chirurgie oculo plastică</p>
<p> </p>
<p> </p>",,,,Chirurgie plastica
Dr. Tase Adrian,Medic primar Cardiologie,,,"<p>Consult cardiologic complet (clinic, EKG, ecografie cardiacă)</p>
<p>Ecografie cord 2D+Doppler</p>
<p>Montare, monitorizare, interpretare holter EKG/TA</p>
<p>EKG de repaus cu interpretare</p>",<p>2011- prezent: Medic Primar Cardiologie – NORD Muntenia Hospital</p>,,,,,,Cardiologie
Dr. Stanică Gabriel,Medic primar Cardiologie,,,"<p>Consult cardiologic complet (clinic, EKG, ecografie cardiacă)</p>
<p>Ecografie cord 2D+Doppler</p>
<p>Montare, monitorizare, interpretare holter EKG/TA</p>
<p>EKG de repaus cu interpretare</p>",<p>2018 – prezent: Medic Primar Cardiologie NORD Muntenia Hospital</p>,,,,,,Cardiologie
Dr. Spiridon Lavinia,Medic specialist Cardiologie,Spiridon Lavinia.jpeg,,"<p>-Consultații de specialitate</p>
<p>-EKG</p>
<p>-Ecografie</p>
<p>-Holter ECG</p>
<p>-Holter TA</p>","<p>2019 – 2024 Medic Specialist Cardiolog S.M.U. Dr. Ion Jianu, Pitești<br/>
2013 – 2019 Medic Rezident Cardiolog, Spitalul Universitar de Urgență Militar Central „Dr. Carol Davila”, București</p>","<ul>
<li>EU-CDA 2013 – Management of Diabetes in Patients with Cardiovascular Disease</li>
<li>Conferința de Aterotromboză Ediția XIII, București</li>
<li>Curs „Soluții Terapeutice în Infarctul Miocardic Acut”</li>
<li>Curs CardioCoag</li>
<li>Simpozion „Profilul Pacientului Hipertensiv din România – Unde Suntem și Ce Putem Face?”</li>
<li>Curs – Diagnosticul și Tratamentul Acut al Sindroamelor Coronariere Acute</li>
<li>Conferința de Aterotromboză Ediția XIV, București</li>
<li>Conferința Națională a Grupurilor de Lucru Organizată de Societatea Română de Cardiologie</li>
<li>The XIX World Congress of Echocardiography and Allied Technique, Sibiu</li>
<li>CardioConfort (Efortul Fizic și Bolile Cardiovasculare)</li>
<li>Congresul Național de Cardiologie Ediția a 53-a, Sinaia</li>
<li>„Imagistica în Cardiomiopatii”, București</li>
<li>Aorta – Corelații Anatomo-Clinice, București</li>
<li>„Update in Cardiology 2015”</li>
<li>Conferința de Aterotromboză Ediția XV, București</li>
<li>Congresul Național de Cardiologie Ediția a 54-a, Sinaia</li>
<li>Hipertensiunea Pulmonară – Post Tromboembolism Pulmonar</li>
<li>Simpozionul Internațional „The New Heart Rhythm Update in Cardiology”</li>
<li>Imagistica Secțională în Cardiologie</li>
<li>Curs Practic de Ecografie Transesofagiană</li>
<li>Curs : Boli Cardiace Ereditare, Simpozionul „Prof. Dr. C.C. Iliescu”</li>
</ul>","<p>2013 – 2019 Ecocardiografie – IUBCV “Prof. Dr. C.C. Iliescu”, Laborator Ecocardiografie Euroecolab, Secția Cardiologie3<br/>
2016 – 2017 Terapie Intensivă Cardiologică (UTIC), Spitalul Universitar de Urgență Militar Central Dr. Carol Davila<br/>
2015 – 2016 Diabet Zaharat, Nutriție și Boli Metabolice, Spitalul Universitar de Urgență Elias, Secția Endocrinologie, Diabet Zaharat, Nutriție și Boli Metabolice<br/>
2014 Neurologie, Spitalul Clinic Colentina, Secția Neurologie I<br/>
2014 Gastroenterologie, Spitalul Universitar de Urgență Militar Central Dr. Carol Davila, Secția Medicină Internă II<br/>
2014 Endocrinologie, Spitalul C.I. Parhon, Secția Tiroidă I<br/>
2014 Medicină Internă, Spitalul Clinic de Urgență Floreasca, Secția de Medicină Internă</p>",,,,Cardiologie
Dr. Sandu Magdalena,Medic primar Neurologie Pediatrică,SANDU MAGDALENA.jpeg,,"<p>Consultații de neurologie pediatrică</p>
<p>EEG veghe standard</p>
<p>EEG veghe/somn</p>
<p>EEG veghe și somn</p>
<p>EEG și certificare internațională în EEG la nou-născut și suga</p>",,"<p>2014- prezent Medic specialist neurologie pediatrică la Spitalul Clinic de Copii „Dr. Victor Gomoiu”</p>
<p>2012: Rezident în neurologie pediatrică – Spitalul Clinic de Copii „Victor Gomoiu”</p>
<p>2012: Absolventă a Universității de Medicină și Farmacie “Iuliu Hațieganu” – Cluj-Napoca</p>
<p>2006- 2012: Medic rezident neurologie pediatrică, Spitalul Clinic de Urgență „Sf. Pantelimon București”</p>
<p>1998 – 2004: Universitatea de Medicină și Farmacie „Iuliu Hațieganu”, Cluj-Napoca</p>","<p>Curs EEG în diagnosticul și managementul epilepsiei la nou-născut și copil VIREPA ianuarie-iulie 2018</p>
<p>Video-EEG în Epilepsiile Copilului, noiembrie 2016. Madrid, Spania (ILAE)</p>
<p>Curs est-european de epilepsii rezistente la tratament, iunie 2016, Cheile Gardiștei, România</p>
<p>Curs metodă de diagnostic neurologic după Vojta, aprilie 2016</p>
<p>Curs EEG – Prof. Florin Amzică, iulie/decembrie 2015, Cluj-Napoca, România</p>
<p>Curs internațional de epileptologie, 11-14 iunie 2014, Cheile Gradiștei, România</p>
<p>Curs Ecografie cerebrală, aprilie 2014, Cluj-Napoca, România</p>
<p>EFNS, iunie 2013, Barcelona, Spania</p>
<p>Curs EPNS training: ”Neurologie acută și neuro-oncologie”, „Bolile autoimune și infecțioase ale sistemului nervos” 7-10 mai 2012, Sarajevo, Bosnia –Herțegovina</p>
<p>Reciclare curs Vojta, martie 2012, Sibiu, România</p>
<p>Curs EPNS: „Bolile neuromusculare” 27-28 iun. 2011, Cheile Grădiştei, România</p>
<p>Curs EPNS: „Neurologia perinatală” 29-30 iun. 2011, Cheile Grădiştei, România</p>
<p>Workshop EPNS „Bolile neuromusculare” 9-14 mai 2011 Cavtat –Dubrovnik, Croaţia</p>
<p>Curs EPNS „EEG ictal” 9-14 mai 2011 Cavtat –Dubrovnik, Croaţia</p>
<p>Conferinţa Naţională „Epilepsiile rezistente – modalități de tratament”, 25-26 feb.2011, București</p>
<p>Curs organizat de Societatea Internațională Vojta „Consultații neurologice la nou -născut și la sugari după Vojta”, 13-18 sept 2010, Sibiu, România (atestat în diagnostic neurologic- metoda Vojta)</p>
<p>Epi-Expert 4 Program educațional pentru Managementul epilepsiei</p>","<p>Premiul II Conferința ASNER  2013 prezentare „Epilepsia cu complexe vârf-undă continuă de somn”</p>
<p>Poster premiat- Conferința Națională de Pediatrie 2014 „ Cauză rară de afectare neurologică in cadrul unei patologii nutriționale</p>",,"<p>SRNP – Societatea Română de Neurologie Pediatrică</p>
<p>EPNS – European Pediatric Neurology Society</p>
<p>MDS – Movement Disorders Society</p>
<p>SRIE – Societatea Română împotriva Epilepsiei</p>",Neuro pediatrica
Dr. Popov Viola,Medic primar Hematologie,POPOV VIOLA.jpg,,"<p>Consultații hematologie</p>
<p>Ecografie generală</p>
<p>Ingrijiri paleative</p>
<p>Studii clinice – investigator principal, chairperson in Data Safety Monitoring Board 1 studiu clinic, evaluare studii in Comisia Nationala de Etica</p>","<p>2014-prezent: Medic primar NORD Muntenia Hospital</p>
<p>2014-prezent: Medic primar Secția de Hematologie, Spital Clinic Colentina</p>
<p>2017 Visiting Observer Wilhelminen Hospital Vienna</p>
<p>2014 Visiting Observer IOSI Bellinzona Switzerland</p>
<p>2013 Visiting Observer Ulm Cancer Comprehensive Center Germany</p>
<p>2013 Atestat proiect manager</p>
<p>2007 – 2012: Activitate de voluntariat – Laboratorul de Hematologie Clinicș Hematologie, Spitalul Clinic Universitar Urgenta, București;- Agregare trombocitară</p>
<p>2007 Formator terapia durerii</p>
<p>2008-2014: Medic primar Hematologie Spitalul Județean Urgentă Pitesti</p>
<p>2002-2008: Medic specialist Hematologie Spitalul Județean Urgentă Pitești</p>","<p>2022 Curs Metaanaliza si statistică Trialect Inc USA</p>
<p>2022 Competență Ultrasonografie generală</p>
<p>2022 Curs Flowcitometrie pentru hematologi si imunologi Swiss Flow Cytometry School, University of Geneva Switzerland</p>
<p>2022 Curs EMBL flowcitometrie European Molecular Biology Laboratory Heidelberg Germany</p>
<p>2015 Curs Transplant Medular Institut Clinic Fundeni</p>
<p>2015 Cercetator Știintific gr 3</p>
<p>2013 Competenta management Sanatate Certficate No 34241/30.05.2013</p>
<p>2012 PhD Știinte medicale No 6508 / 19.12.2012; Certificate No H0022114 lucrarea Ț Proprietati Biofizice ale membranei trombocitare la pacienții cu mieloproliferari cronice si mielodisplazii</p>
<p>2011-2012 Master in Management sanitar si nursing Certificate (master) No 1440/17.07.2012</p>
<p>2008-2010 Master in Biofizica si Biotehnologie celulara Certificate (master) No 28/25 03 2011</p>
<p>2005-2007 Master Management servicii de sanatate Certificate (master) No 773/11.04.2008</p>
<p>2004-2005 Competenta Ingrijiri Paliative Certficate No , nr C 016420 / 15.06.2005</p>
<p>1998-2002 medic rezident Hematologie Spital Clinic Coltea</p>
<p>1995-1997 medic rezident Medicina Familie Spital Clinic Coltea</p>
<p>1988-1994 MD UMF Iuliu Hațieganu Cluj Napoca</p>",,,"<p>Articole indexate ISI;</p>
<p>Postere la congrese nationale si internaționale;</p>
<p>Prezentări orale la congrese naționale și internaționale.</p>
<p><strong><u> </u></strong></p>","<div class=""nectar-responsive-text nectar-link-underline-effect""><p>2019: Membru al Societății Americane de Oncologie ASCO</p>
<p>2019: Membru al Societății Americane de Oncologie și Oncologie SOHO</p>
<p>2013: Membru al Societății Americane de Hematologie ASH</p>
<p>2010: Membru fondator al Societății Române de Tromboză și Hemostază SRTH</p>
<p>2010: Membru al Societății Internaționale de Tromboză și Hemostază ISTH</p>
<p>2004: Membru al Societății Europene de Hematologie EHA</p>
<p>1999: Membru al Societății Române de Hematologie SRH</p>
</div>",Hematologie
Dr. Popa Theodor,Medic primar ortopedie traumatologie,dr popa theodor.png,,"<p>Consultații Ortopedie – traumatologie</p>
<p>Injectabile</p>
<p>Intervenții chirurgicale genunchi</p>
<p>Intervenție chirurgicală șold</p>
<p>Intervenții chirurgicale umăr</p>
<p>Intervenții chirurgicale gleznă și picior</p>
<p>Intervenții chirurgicale pumn și mână</p>
<p>Intervenții chirurgicale traumatologie membru superior</p>
<p>Intervenții chirurgicale traumatologie membru inferior</p>","<p>NORD Muntenia Hospital</p>
<p>Spitalul Orășenesc Mioveni</p>
<p>Spitalul Clinic de Urgență București – Spitalul Floreasca</p>
<p>Spitalul Clinic de Ortopedie, Traumatologie și TBC Osteoarticular FOISOR</p>
<p>Ortopedie și Traumatologie Sportivă Clinica Privată</p>
<p>Spitalul Județean de Urgență Pitești</p>",,,,,"<p>Societatea Română de Ortopedie și Traumatologie – SSROOT</p>
<p>Societatea Română de Artroscopie și Traumatologie Sportivă – SRATS</p>
<p>Societatea Științifică Română de Oxigen-Ozonoterapie – SSROOT</p>",Ortopedie
Dr. Poeniță Monica,Medic primar Medicina generala,Poenita MONICA.jpg,,"<p>Medicină generală</p>
<p>Medicină întreprindere</p>","<p>2017- prezent: Medic primar Medicină Generală – NORD Muntenia Hospital</p>
<p>2023: Medic îngrijiri Paliative – Spitalul de Boli Cronice Călinești</p>
<p>2016 – prezent: Medic medicină generală – Direcția de Asistență Socială Topoloveni</p>
<p>2012 – 2017: Medic medicină generală – Centrul medical de îngrijire şi asistentă Academician Nicolae Cajal, București</p>
<p>2006 – 2010: Medic medicină generală – DGAS, București</p>
<p>2003 – 2006: Medic medicină generală – Centrul de îngrijire şi asistență nr. 3, Bucureșt</p>",<p>1999: Doctor Medic Medicină Generală Universitatea de Medicină şi Farmacie ”Carol Davila” Bucureşti</p>,"<p>2009: Atestat de Studii Complementare în Ultrasonografie Generală, Centrul Național de Perfecționare în Domeniul Sanitar – Bucureşti</p>
<p>2008: Atestat de Studii Complementare în Îngrijiri Paliative, Centrul Național de Perfecționare în Domeniul Sanitar – Bucureşti</p>
<p>2004: Certificat de Competență în Medicina de Întreprindere, Centrul Național de Perfecționare în Domeniul Sanitar – Bucureşti</p>",,,,Medicina generala
Dr. Petrică Florin,Medic primar Urologie,,,"<p>Competență ecografie generală</p>
<p>Oferă consultații de specialitate și intervenții chirurgicale:</p>
<p>operații endourologice</p>
<p>operații laparoscopice (EBLUS)</p>
<p>operații uroginecologice</p>","<p>Medic Primar Urologie- Nord Muntenia Hospital</p>
<p>Medic Primar Urologie- Spitalul Județean de Urgență Pitești</p>","<p>2011-2012: Co-investigator în studiul XEN-D0501-CL-03 cu tema „Tratamentul vezicii hiperactive” desfășurat în perioada 2011- Examen de primariat</p>
<p>2009-2011: Co-investigator în studiul Ferring CS35 cu tema „Tratament hormonal în adenocarcinomul de prostată”</p>
<p>2005-2007: Co-investigator în studiul de fază III cu tema „Tratament medicamentos în HPP”</p>
<p>2004: Membru al Societății Europene de Urologie</p>
<p>1998: Membru al Societății Române de Urologie din</p>
<p>1997-2002: Medic rezident urolog la Clinica de Urologie a Spitalului Prof. Dr. Th. Burghele (fost Panduri)</p>
<p>1990-1996: Absolvent al Universității de Medicină și Farmacie „Carol Davila” București – Facultatea de Medicină, specializarea medicină generală</p>
<p>1990: Absolvent al Liceului „Zinca Golescu” cu profilul fizică-chimie</p>","<p>2011- Competență în Litotritie Extracorporeală (ESWL)</p>
<p>2005- Competență în Ecografie Generală și Specială în cadrul Universității de Medicină și Farmacie Craiova</p>
<p>2002- Curs de Endourologia aparatului urinar superior, în cadrul Clinicii de Urologie Prof. Dr. Th. Burghele</p>
<p>2001- Curs de Endourologia aparatului urinar inferior, în cadrul Clinicii de Urologie Prof. Dr. Th. Burghele Cursul postuniversitar de Andrologie organizat de Clinica de Urologie a Spitalului Clinic Municipal în cadrul Universității de Medicină și Farmacie „Iuliu Hatieganu” Cluj-Napoca</p>
<p>Participant la multiple manifestări științifice zonale, naționale, europene și internaționale Coautor a trei lucrări susținute în cadrul unor manifestări zonale, a patru lucrări susținute la manifestări naționale și a unei lucrări în cadrul unui congres European</p>",,,"<p>2004: Membru al Societății Europene de Urologie</p>
<p>1998: Membru al Societății Române de Urologie</p>",Urologie
Dr. Petria Alina,Medic primar Gastronterologie,PETRIA ALINA.JPEG,,"<p>Endoscopie digestivă diagnostică</p>
<p>Ultrasonografie generală (nivel I+ II)</p>","<p>2011-Prezent: Medic primar Gastroenterologie, Nord Muntenia Hospital</p>","<p>2008 -Medic specialist gastroenterologie</p>
<p>2003-2008 Rezidențiat în specialitatea gastroenterologie Spitalul Clinic Fundeni – Clinica de gastroenterologie Fundeni</p>
<p>2001-2002 Operator studii clinice la Compania Farmaceutică Merck-Sharp&amp; Dohme</p>
<p>2000-2001 Stagiatura în Medicină Clinică Spitalul Clinic Medicala III -Clinica de Gastroenterologie Cluj-Napoca</p>
<p>1993-1999 Facultatea de Medicină Generala ” Iuliu Hatirganu” Cluj-Napoca</p>",,,<p>Revista Societății Române de Gastroenterologie „Cauza rară de hiperbilirubinemie directă”</p>,"<p>Membru a Societății Romane de Ultrasonografie în Medicină și Biologie (SRUMB), membru afiliat al Federației Europene a Societăților de Ultrasonografie în Medicină si Biologie (EFSUMB).</p>",Gastronterologie
Dr. Petrescu Bogdan,Medic primar ORL,PETRESCU BOGDAN.jpeg,,"<p>Chirurgia endoscopică rinosinusală și a tulburărilor obstructive respiratorii</p>
<p>Experiență în chirurgia patologiei infecțioase și tumorale benigne și maligne cervicale</p>
<p>Experiență în intervenții microlaringoscopice</p>",<p>2019-prezent Medic Specialist ORL – Nord Muntenia Hospital</p>,"<p>2015- 2019 – medic rezident ORL in cadrul IFACF-ORL „Prof Dr Dorin Hociota”, Bucuresti</p>
<p>2014 – 2019 Universitatii de Medicină și Farmacie „Carol Davila”- București</p>
<p>2018 – Centre Hospitalier Universitaire Carémeau, Nîmes, Franta:</p>
<p>aprofundarea patologiei oncologice cervico-faciale</p>
<p>aprofundarea traumatismelor cervico-faciale</p>
<p>aprofundarea patologiei pediatrice ORL</p>
<p>2008- 2014 Universitatea de medicină și farmacie „Carol Davila”</p>",,,"<p>Surgical treatment of a pharingeal hemangioma – case report. Chiţac M, Drăgulescu C, Petrescu B, Vasilca M,<br/>
Ciucă A, Sandu C, Stăncescu F, Dumitrescu I, Călărașu R. ORL.ro, volume 39, May 2018</p>
<p>Cholesteatomatous chronic suppurative otomastoiditis with multiple complications – case report. Drăgulescu C,<br/>
Chiţac M, Weisman A, Ancuţa C, Sandu C, Deaconu D, Petrescu B, ORL.ro, volume 37, November 2017</p>
<p>Extramedullary plasmacytoma of the larynx with anterior neck extension – Case Report. Chiţac M,<br/>
Drăgulescu C, Weisman A, Petrescu B, Ene M, Sandu C, Streleţchi R, presented during Salzburg Weill Cornell<br/>
Seminar in Otolaryngology, AAF/OMI, American Austrian Foundation / Open Medical Institute, Salzburg, Austria,<br/>
May 2016</p>",,ORL
Dr. Pavelescu Cristian,Medic specialist Urologie,Pavelescu CRISTIAN.jpeg,,"<p>Oncologia urologică,</p>
<p>Uroginecologia,</p>
<p>Chirurgia reconstructivă,</p>
<p>Endourologia joasă și înaltă,</p>
<p>Urologia general.</p>",<p>2019-prezent Medic Specialist urologie – Nord Muntenia Hospital</p>,,,,,<p>Membru al Asociației Române de Urologie (ARU) si al European Association of Urology (EAU)</p>,Urologie
Dr. Pavelescu Alexandra,Medic specialist Obstetrică - Ginecologie,PAVELESCU ALEXANDRA.jpeg,,"<p>Ultrasonografie Obstetrică și Ginecologie</p>
<p>Colposcopie</p>
<p>Histeroscopie</p>","<p>2023-Prezent: Medic specialist Obstetrică- Ginecologie, Nord Muntenia Hospital</p>
<p>2022-prezent : Medic Specialist Obstetrică-Ginecologie – Spitalul Orășenesc ,,Regele Carol I”</p>","<p>2021: Medic specialist Obstetrică și Ginecologie</p>
<p>2015-2021: medic rezident, INSMC „Alessandrescu-Rusescu” Spitalul Polizu</p>
<p>2008-2014 Doctor Medic – Universitatea Medicină și farmacie „Carol Davila”</p>",,,,,Ginecologie
Dr.păun Cazia,Medic primar Obstetrică - Ginecologie,PAUN CAZIA.jpeg,,<p>Obstetrică – Ginecologie</p>,<p>2015 – prezent: Medic Primar Obstetrică- Ginecologie –  Nord Muntenia Hospital</p>,,,,,,Ginecologie
Dr. Pahonțu Marius,Medic specialist Obstetrică - Ginecologie,PAHONTU.jpeg,,"<p>Consultații ginecologie</p>
<p>Ecografie transvaginală</p>
<p>Ecografie obstetrică-ginecologie</p>
<p>Tratamente chirurgicale ginecologie</p>",<p>2015 – prezent: Medic Specialist Obstetrică- Ginecologie –  Nord Muntenia Hospital</p>,"<p>2015: Medic specialist obstetrică-ginecologie</p>
<p>2010-2015: Medic rezident obstetrică-ginecologie – Spitalul Clinic Universitar de Urgență – București</p>
<p>2004-2010: Medic stagiar la Spitalul Clinic de Urgență “Sf. Pantelimon” – București</p>
<p>2004: Absolvent al Universității de Medicină și Farmacie “Carol Davila” – București</p>",,,,,Ginecologie
Dr. Ogrean Marius,Medic specialist Psihiatrie,,,"<p>Tulburări de personalitate</p>
<p>Tulburări afective</p>
<p>Tulburări neurocognitive</p>","<p>2021 – prezent: Medic Specialist psihiatrie –  Nord Muntenia Hospital</p>
<p> </p>
<h4></h4>",,,,,,Psihiatrie
Dr. Odukoya Cristiana,Medic specialist Obstetrică - Ginecologie,,,<p>Obstetrică-ginecologie</p>,"<p>2023 – prezent: Medic Specialist Obstetrică Ginecologie, Nord Muntenia Hospital</p>
<p>2023 – prezent: Medic Specialist Obstetrică Ginecologie, Clinici Private</p>","<p>2023: Medic Specialist Obstetrică Ginecologie</p>
<p>2018-2023 Medic Rezident Obstetrică Ginecologie, Spitalul Clinic de Obstetrică-Ginecologie „Prof. Dr. Panait Sarbu”</p>
<p>2011-2017 Doctor Medic – Universitatea Medicină și farmacie „Carol Davila”</p>","<p>2023: 4th SREG International Conference of Aesthetic Gynecology and Regenerative Medicine</p>
<p>2023: 39th Annual Meeting of ESHRE Copenhagen, Denmark</p>
<p>2023: <span style=""font-size: 11.5pt;font-family: 'Arial',sans-serif;color: dimgray"">Al V-lea Congres Național al Societății de Endometrioză și Infertilitate Est-Europeană &amp; A VIII-a Conferință Națională a Societății Române de HPV </span></p>
<p>2023: Global Congress on Hysteroscopy and Intrauterine Surgery</p>
<p>2023: Top quality in ultrasound: everything you always wanted to know about ultrasound in ART</p>
<p>2023: Curs Ultrasonografie Hands-on, Spitalul Clinic Filantropia Bucuresti</p>
<p>2022-2023: Hormone therapies for menopause and healthy aging Course</p>
<p>2022: 3edvSREG International Conference of Aesthetic Gynecology and Regenerative Medicine</p>
<p>2022: Eshre 38th Annual Meeting Milan Italy</p>
<p>2022: The early menopausal patient – IMS online</p>
<p>2022: DHEA as antiaging therapy : systemic and local eﬀects – ISGE online</p>
<p>2022: Obesity During the Menopause: Incidence and Implications – ISGE online</p>
<p>2022: Management of infertility with carnitines and micronutrients – ISGE online</p>
<p>2022: Managementul Dietetic al Sindromului Ovarelor Polichistice online</p>
<p>2022: Safe Practices in ART Labs – Embryolab Academy online</p>
<p>2021: Embryos Training Program Clinica de Fertilitate si Ginecologie Embryos, Bucuresti Scientific Programme</p>
<p>2021: Bune Practici in Obstetrica Ginecologie</p>
<p>2021: Natural premature ovarian insufficiency and early menopause: a snapshot of hormonal management in a real-life setting in Italy</p>
<p>2020: Managementul leziunilor cervicale cauzate de HPV: Ghiduri si evidente clinice noi</p>
<p>2020: Interdisciplinaritate in abordarea Menopauzei</p>
<p>2020: Cursul de medicina Fetala- FMF Fellows Romania, Institutul Cervantes, Bucuresti</p>
<p>2018: Curs hands-on „Standarde aplicate in Ecografia Obstetricala – editia a V-a Clubul Regal al Medicilor, Bucuresti</p>
<p>2018: Advanced masterclass in Obstetric 7th Edition – Hemoragiile in post-partum, Sp. Dr. Ioan Cantacuzino</p>",,"<p>Despre AMH, MARKER-UL preferat al evaluării potențialului fertil feminin – Coautor</p>
<p>Ghiduri și Protocoale în Medicina Materno – Fetale, ed a treia, Vicenzo Berghella</p>
<p>Actual consideration concerning the contribution of hysteroscopy to diagnosis and treatment of adenomyosis in infertile patients – Coautor</p>",,Ginecologie
Dr. Nițulescu Alexandru,Medic primar ortopedie traumatologie,,,"<div class=""nectar-fancy-ul"" data-alignment=""left"" data-animation=""false"" data-animation-delay=""0"" data-color=""accent-color"" data-list-icon=""icon-salient-thin-line"" data-spacing=""default""> Chirurgie spinală
<p>Diagnosticul și tratamentul conservativ și chirurgical al patologiilor degenerative, tumorale și al diformităților vertebrale </p></div>","<p>2019- prezent: Chirurg Spinal, Pole Sante Sud, Le Mans, Franța</p>
<p>2012-prezent: Spinal Consultant</p>
<p>2019: Chirurg Spinal, Clinique Occitanie, Toulouse, Franța</p>
<p>2017-2018: Chirurg Spinal, Clinique de Champagne, Troyes, Franța</p>
<p>2015- 2017: Chirurg Spinal și Ortopedie, Polyclinique de Saint Come, Compiegne, Franța</p>
<p>2013- 2014: Chirurg Orthopedie Rachis, “ Hopital Monod”, Le Havre, Franța</p>
<p>2013: Spinal Consultant, “ Musgrove Park Hospital”, Marea Britanie</p>
<p>2012- 2013: Spinal Fellowhip “Great Western Hospital” Swindon, Marea Britanie</p>
<p>2012-2012: Spinal Fellowhip “Frenchay Hospital” Bristol, Marea Britanie</p>
<p>2011-2012: Spinal observership and Fellowship “Queen Medical Center”, Nottingham, Marea Britanie</p>
<p>2011: Spinal Fellowship “Princess Alexandra Hospital”, Harlow, Marea Britanie</p>
<p>2010-2011: Spinal Fellowship “Princess Alexandra Hospital”, Harlow, United Kingdoms</p>
<p>2009-2010: Medic specialist ortoped  “Good Hope Hospital”, Birmingham, Marea Britanie</p>
<p>2008-2009: Fellowship chirurgie spinala, Beilinson Rabin Medical Center, Tel Aviv, Israel</p>
<p>2009: Medic Specialist Ortoped, Clinica Privata RosanaMedical, București</p>
<p>2001-2008: Rezidențiat pe specialitatea “Ortopedie Traumatologie”- cu stagiul principal efectuat in “Spitalul de Ortopedie Traumatologie si TBC osteoarticular Foisorul de Foc”</p>","<p>2017: Eurospine Diploma certification</p>
<p>2012: Spinal Consultant (medic specializat exclusiv în patologia spinală) Musgrove Park Taunton Hospital United Kingdoms</p>
<p>2008: Medic specialist ortopedie-traumatologie</p>
<p>2001-2008: Medic rezident în specialitatea Ortopedie-Traumatologie</p>
<p>1996-2001: Universitatea de Medicină şi Farmacie “Carol Davila” , Medicină Generală, București</p>","<p>2017: European Spinal Diploma Course – curs de competență European în Chirurgia Spinală, Strasbourg,</p>
<p>2011: “Imperial Spinal Course” Londra, Marea Britanie</p>
<p>2010: “Advanced Baloon Kyphoplasy course”, Leiden, Netherland with Hands-on cadaver</p>
<p>2008 : AO Anterior Approach in Spine Surgery- AOSpine România, București  With Hands-on cadaver</p>
<p>2008: Anatomy and Surgery of Spine with Hands-on Cadaver » Graz, Austria</p>
<p>2007: SOFCOT Congres, Paris, Franța</p>
<p>2007: French National Spine Congres, Nantes, Franța</p>
<p>2007: ”Decompression and fixation of the spine- posterior approach” (with Hands-on cadaver),  Nantes, Franța</p>
<p>2007: Anatomy and surgical exposures of the Spine (with Hands-on cadaver) – Nantes, Franța</p>
<p>2007: Surgical exposures of the Knee and Flaps in Orthopaedic surgery (with Hands-on cadaver), Tours, Franța: Pr. Burdin, Pr. Masquelet</p>
<p>2007: Basic Course in Arthroscopic Knee Surgery», Hospital «Foişorul de Foc», Bucureşti , România</p>
<p>2007: AO Basic Course in Traumatology, Belek, Turcia</p>
<p>2007: Minimally invasive Knee Arthroplasty,-surgical event, Bucureşti, România</p>
<p>2006: Observership at “Hessing-Stiftung “ Orthopaedic Clinic,  Augsburg, Germania, Profesor Wild –Arthroplasty and Spine Surgery</p>
<p>2006: AO Basic Priciples of Spine Surgery, Belek, Turcia</p>
<p>2006: AO Basic Principles in Spine Surgery”, Bucureşti, România,</p>
<p>2006: Course of intramedullary osteosynthesis Stryker, Arad, România</p>
<p>2005: EFORT Course in Hand Pathology, Cheile Grădiştei, România  Minimally invasive Knee Arthroplasty »-surgical event, Bucureşti, România,</p>
<p>2006: “Knee and shoulder method of rehabilitation ”- PhD Robert Donatelli şi Joseph Wilkes, MD</p>
<p>2005: EFORT Congres 2005-Lisboa, Portugal</p>
<p>2005: SOROT Congres 2005-Bucureşti</p>",,"<p>2012: Spine Week-Amsterdam- “Analysis of the radiological outcome of the Discocerv cervical disc replacement” Nitulescu A, Giannoulis K, Balamuri G, Quirashi NA, Boszczyk B</p>
<p>2006: “<em>L’Arthroplastie totale de la hanche par chirurgie miniinvasive-resultats precoces</em>”-poster to  AOLF Quebec, Canada 2006 Authors: Prof. Popescu M, Dr. Niţulescu A., Dr. Golia T., Dr. Marinca L., Dr. Tudor S</p>
<p>2006: Contributie la publicatia: “<em>Durabilitatea endoprotezelor ortopedice”</em>  2006; Autorul cartii: Ing Căpitanu L- (contributie la imagistica).</p>
<p>2005: « <em>Clinical results in uncemented THR for hip dysplasia-acetabular side</em> » Popescu M, Marinca L, Stoica M, Niţulescu A, EFFORT Congress Lisboa, Portugal</p>","<p>Membru General Medical Council Marea Britanie</p>
<p>Membru în Consiliul Medicilor Franța</p>
<p>Membru Colegiul Medicilor din România (CMR)</p>
<p>Membru NASS</p>
<p>Membru Eurospine</p>
<p>Membru Society of Minimally Invasive Spine Surgery (SMISS)</p>",Ortopedie
Dr. Nedelea Cristiana,Medic primar Pneumologie,,,"<p>Consultatii de specialitate și spirometrie</p>
<p>Tratarea pneumoniilor, pneumopatiilor, bronhopneumopatiilor cronice obstructive (BPOC)</p>
<p>Homeopatie</p>","<p>2011- prezent: Medic Primar Pneumofiziologie Nord Muntenia Hospital</p>
<p>2010-2012: Spitalul Județean de Urgență Pitești – medic primar pneumoftiziolog – Ambulator Pneumoftiziologie</p>
<p>1993-2010: Medic pneumolog Spitalul PNF Pitești</p>
<p>1990-1993: Spitalul Pneumoftiziologie Valea Iașului – medic secundar pneumoftiziolog</p>
<p>1988-1990: Spitalul Ștefănești – medic medicină generală – profil pediatrie</p>
<p>1983-1988: Spitalul Orășenesc Câmpulung, Jud. Argeș – medic medicină generală – profil pediatrie</p>","<p>2000: Medic primar pneumologie</p>
<p>1990: Medic specialist pneumologie</p>
<p>1977-1983 : Institutul de Medicină și Farmacie ” Carol Davila ” București , Facultatea de Pediatrie</p>","<p>2012: Ultimul congres al Societății Pneumoftiziologie Pediatrică UMF – Craiova „Actualități în Pneumologia Pediatrică”</p>
<p>2012: Al 22-lea Congres al Societății Române PNF „Plamanul – ținta sau cauza”, Brașov</p>
<p>2007-2009: Participare la Congresul Societății Pneumoftiziologie Pediatrică Cluj-Napoca</p>
<p>Participare la numeroase congrese naționale ale Societății Române de Pneumoftiziologie cu participări internaționale</p>
<p>Cursuri de perfecționare UMF – Cluj-Napoca</p>",,,,Pneumologie
Dr. Nedelcu Luminița,Medic specialist Nefrologie,NEDELCU LUMINITA.JPEG,,<p>Consultații de nefrologie</p>,"<p>2019 – prezent: Medic specialist nefrologie Nord Muntenia Hospital</p>
<p>2016- prezent : Medic specialist nefrologie în cadrul Spitalului Judetean de Urgenta Pitesti</p>","<p>2012- 2015: Medic rezident nefrologie în cadrul Spitalului Clinic Județean de Urgență Timișoara și a Institutului Clinic Fundeni</p>
<p>2005-2011  Medicina Generală în cadrul Universității de Medicină și Farmacie  “ Victor Babeș ” Timișoara</p>",,,,,Nefrologie
Dr. Mirzacu Ramona,Medic primar Chirurgie plastica,MIRZACU RAMONA.jpeg,,"<p>Consultații chirurgie plastică microchirurgie reconstructivă</p>
<p>Intervenții spitalizare de zi și continuă</p>","<p>2011- prezent medic primar chirurgie plastică microchirurgie reconstructivă NORD Muntenia Hospital</p>
<p>2014- prezent medic primar  Secția Chirurgie plastică microchirurgie reconstructivă a Spitalului Județean de Urgență Pitești.</p>","<p>Medic rezident în cadrul Clinicii Chirurgie plastică microchirurgie reconstructivă a Spitalului Universitar de Urgență București;</p>
<p>Absolventă a Facultății de Medicină și Farmacie Carol Davila București</p>",,,,,Chirurgie plastica
Dr. Mihăilă Adrian,Medic primar Obstetrică - Ginecologie,,,"<p>Consultații Obstetrică – Ginecologie</p>
<p>Ecografie</p>",<p>2016 – prezent: Medic Primar Obstetrică- Ginecologie –  Nord Muntenia Hospital</p>,,,,,,Ginecologie
Dr. Matei Simona,Medic primar Neurologie,,,"<p>Neurologie</p>
<p>Electroencefalografie (EEG)</p>
<p>Ultrasonografie Doppler vase cervicocerebrale</p>",<p>2015 – prezent: Medic Primar Neurologie – NORD Muntenia Hospital</p>,"<p>2012: Medic primar neurologie</p>
<p>2007: Medic specialist neurologie</p>
<p>2002 – 2007: Medic rezident neurologie- Spitalul Universitar de Urgență – București</p>
<p>1995 – 2001: Universitatea de Medicină și Farmacie “Carol Davila”- București</p>
<p> </p>",,,,,Neurologie
Dr. Marcu Doina,Medic primar Urologie,MARCU DOINA.jpeg,,"<p>Consultații urologie</p>
<p>Competență Ecografie Generală</p>
<p>Competență Endoscopie Aparat urinar inferior</p>","<p>2014- prezent  Muntenia Medical Hospital</p>
<p>1986-2014 Medic primar urolog Spital Județean de Urgență Pitești Argeș</p>","<p>1983-1986 Medic rezident Secție Urologie Institutul Clinic Fundeni</p>
<p>1979-1982 Medic stagiar Spital Județean de Urgență Pitești</p>
<p>1973-1979 UMF „Carol Davila” Facultatea Medicină Generală București</p>",,,,,Urologie
Dr. Iordache Madalina,Medic specialist Chirurgie plastica,IORDACHE MADALINA.jpeg,,"<p>Consultații de specialitate Chirurgie Plastică, Estetică și Microchirurgie reconstructivă</p>
<p>Tratamente și proceduri în spitalizare de zi și spitalizare continuă – Chirurgie Plastică, Estetică și Microchirurgie reconstructivă</p>","<p>2020-prezent Nord Muntenia Hospital Medic primar Chirurgie Plastică, Estetică și Microchirurgie reconstructivă</p>
<p>2018 medic specialist Chirurgie Plastică, Estetică și Microchirurgie reconstructivă în cadrul Spitalului Județean de Urgență Argeș</p>
<p>2013 – 2018: Rezidențiat – Chirurgie Plastică și Microchirurgie reconstructivă în cadrul Spitalului Clinic de Urgență – București</p>
<p>2012: Absolventă a Universității de Medicină și Farmacie Craiova</p>",,,,,,Chirurgie plastica
Dr. Ionescu Loredana,crestere copil,,,"<p>-Consultații de specialitate</p>
<p>-Ultrasonografie generală</p>
<p>-Medicina de călătorie</p>","<p>2024-prezent : Medic specialist Boli Infecțioase Nord Muntenia Hospital</p>
<p>2017-  prezent : Medic Specialist Boli Infecțioase Copii</p>
<p>2012-2016 : Medic rezident Boli Infecțioase – programul național de rezidențiat(Spitalul de Boli Infecțioase și Pneumoftiziologie „<em>Victor Babeș</em>” – Craiova)</p>","<p>2012- 2016: Medic Specialist Boli Infecțioase (Program național de rezidențiat desfășurat in Centrul Universitar Craiova)</p>
<p>2006- 2012: Universitatea de Medicină și Farmacie din Craiova – Specialitatea Medicină Generală</p>
<p>2004- 2006: Colegiul Național „<em>Radu Greceanu</em>” – Slatina , Olt (Specialitatea Stiințe ale naturii)</p>",,,,,Infectioase
Dr. Ionescu Gabriela,Medic specialist Psihiatrie,,,"<p>Consultații și tratamente, profilaxie</p>
<p>Psihoterapie de scurtă și lungă durată în afecțiuni psihiatrice /+- afecțiuni comorbide somatice</p>
<p>Psihoterapie integrată, psihoterapie cognitiv-comportamentală, interpersonala, dialectic-comportamentală și de susținere, motivațională / adulți, copii</p>
<p>Intervenții în criză, controlul stresului</p>
<p>Consultații homeopatie, tratamente și profilaxie în afecțiuni psihice și somatice, acute și cronice</p>","<p>2012-prezent medic psihiatru NORD Muntenia Hospital</p>
<p>2012-2013: director medical Muntenia Hospital, Pitești</p>
<p>2011: medic psihiatru, competență homeopatie</p>
<p>1999 – 2011: medic psihiatru psihoterapeut și medic homeopat, Toronto</p>
<p>1994: Specialitatea Psihiatrie, București, Ministerul Sănătății România</p>
<p>1994-1995: medic șef secția 1 psihiatrie/medic psihiatru, spitalul psihiatrie Vedea/policlinica cu plată Pitești</p>
<p>1993: Homeopatie, București, Ministerul Sănătății România</p>
<p>1990-1994: rezidențiat în psihiatrie spitalul de psihiatrie dr. Al. Obregia, București</p>
<p>1988-1990: medic medicină generală/ întreprindere/medic șef de dispensar</p>
<p>1985-1988: medic stagiar în medicină generală- spitalul jud. Argeș / centrul de perfecționare a medicilor și farmaciștilor București</p>",,"<p>1999: Psihiatrie, Psihoterapie și Homeopatie Canada</p>
<p>1994: Specialitatea Psihiatrie, București, Ministerul Sănătății România</p>
<p>1993: Homeopatie, București, Ministerul Sănătății România</p>
<p>1988: Medicină Generală, București, Ministerul Sănătății România</p>",,,,Psihiatrie
Dr. Guiță Alexandru Gigel,Medic primar ATI,dr guita.jpeg,,<p>ATI</p>,"<p>2022 – Prezent: Medic Primar ATI, Nord Muntenia Hospital</p>
<p>2020 – Director executiv, Direcția de Sănătate Publică Argeș</p>
<p>2010 – 2018: Comandant/Director General, Spitalul Militar de Urgenţă „Dr.Ion Jianu”</p>
<p>2001 – 2010: Șef Secția A.T.I., Spitalul Militar de Urgenţă „Dr.Ion Jianu”</p>
<p>1993 – 2001: Ofițer-medic Anestezie Terapie intensivă, Spitalul Militar de Urgenţă „Dr.Ion Jianu”</p>","<p>2011: Management Spitalicesc, Școala Națională de Sănătate Publică, Management și Perfecționare în Domeniul Sanitar București</p>
<p>2005-2007: Master Managementul Serviciilor Sociale și de Sănătate, <span lang=""RO"" style=""font-size: 12.0pt"">Universitatea din Pitesti</span></p>
<p>1998: Medic Primar Anestezie și Terapie Intensivă, Ministerul Sănătății</p>
<p>1990-1993 : Medic Specialist Anestezie și Terapie Intensiva, Rezidențiat în specialitatea Anestezie și Terapie intensivă, Universitatea de Medicină și Farmacie „Carol Davila” București</p>
<p>1980 – 1986:  Doctor-Medic Locotenent (1984); Ofiter-medic Specializarea Medicină Generală Institutul Medico-Militar Bucuresti Institutul de Medicină și Farmacie București Facultatea de Medicină Generală</p>",,,,,ATI
Dr. Gliga Silvia,Medic primar Radiologie și Imagistică,Gliga silvia.jpeg,,"<p>Radiologie și Imagistică Medicală</p>
<p>Ecografie</p>
<p>Mamografie</p>
<p>Tomografie computerizată</p>
<p>Rezonanță Magnetică Nucleară</p>","<p>2015- prezent: Medic Primar Radiologie și Imagistică Medicală – NORD Muntenia Hospital</p>
<p>2008: Medic Primar Radiologie și Imagistică Medicală – Spitalul de Urgență Pitești</p>
<p>2000 – 2008 – Medic Primar Radiologie și Imagistică Medicală – Spitalul Calinesti</p>
<p>1995 – 2000 – Rezident Medic specialist Radiologie și Imagistică Medicală –  Spitalul Coltea, București</p>
<p>1993 – 1995: Medic medicină generală Costești</p>
<p>1991 – 1993: Medic medicină generală Draganești</p>
<p>1989 – 1991: Stagiar Spitalul Județean Pitești.</p>",,"<p>2008- Competenta Rezonanta Magnetica Nucleara</p>
<p>2006- Curs de ecografie tiroidă și paratiroidă – Cluj</p>
<p>2004 – Curs de specializare și competență de mamografie și ecografie sân, Spitalul Clinic Fundeni</p>
<p>2001 – Competență în ecografii.</p>",,,,IMAGISTICA
Dr. Găitan Andrei,Medic specialist ORL,Gaitan andrei.jpg,,"<p>Consultații de specialitate și tratament</p>
<p>Chirurgie plastică reconstructivă la nivelul feței și gâtului<br/>
Chirurgie endonazală, externă și endoscopică<br/>
Chirurgie nazofaringiană<br/>
Chirurgia cavității orale și a orofaringelui<br/>
Chirurgie laringiană<br/>
Chirurgie cervicală<br/>
Chirurgia glandelor salivare<br/>
Chirurgia urechii<br/>
Ligaturi vasculare</p>","<p>2022 – prezent NORD Muntenia Hospital Pitești</p>
<p>2022 – prezent: clinică privată București</p>
<p>2017 – 2022 Medic specialist în cadrul secției ORL a Spitalului Județean de Urgență Pitești</p>
<p>2019 – 2022 Clinică privată Pitești</p>
<p>2017 – 2019 Clinică privată Câmpulung Muscel</p>","<p>2017 Medic specialist ORL<br/>
2013 – 2016 Rezidențiat ORL Spital Clinic Colțea București<br/>
2006 – 2011 Universitatea de Medicină și Farmacie „Carol Davila” din București,</p>","<p>2018 Al 4-lea Congres al Societății Române de Rinologie, 6-9 septembrie 2017, Sinaia, Patologia supurativă în sfera ORL, Craiova<br/>
2019 Curs hands-on surgery, Endoscopic Surgery of the Paranasal Sinuses and Skull Base, Slovenia-Maribor<br/>
Stagii – Oncologie ORL, Chirurgie generală, Urgențe în ORL – Spital Clinic Colțea<br/>
Audiologie, Foniatrie, Endoscopie ORL – IFACF- ORL<br/>
Curs Microchirurgie laringiană Laser CO2 IFACF- ORL Prof. Dr. Dorin Hociota București<br/>
Chirurgie OMF, Spital Clinic de Chirurgie OMF „Prof. Dr. Dan Theodorescu” București<br/>
Stagiu Traheo-Bronhoscopie, Institut de Pneumologie „Prof. Dr. Marius Nasta” București<br/>
Stagiu Pediatrie ORL Spital „Marie Curie” București<br/>
2nd Middle Ear Workshop, Important aspects and pitfalls in clinical and surgical practice, Spital Clinic Colțea București<br/>
The 13th Danube International Otorhinolaryngological Congress and ENT National Congress, Cluj-Napoca</p>",,,,ORL
Dr. Florea Silvia,Medic primar Chirurgie generala,FLOREA silvia.jpeg,,"<p>Consultații chirurgie generală</p>
<p>Intervenții spitalizare de zi și continuă</p>","<p>2014-prezent – medic primar chirurgie generală NORD Muntenia Hospital</p>
<p>2011-2013 – Medic rezident chirurgie generală – Spitalul de Urgență Militar Central „Carol Davila”, București</p>
<p>2011 – Medic rezident chirurgie generală – CHU Saint Eloi, Montpellier, Franța</p>
<p>2008-2011 – Medic rezident chirurgie generală – Spitalul de Urgență Militar Central „Carol Davila”, București</p>
<p>2008 – Medic rezident chirurgie generală – Spitalul Clinic de Urgență „Sf. Ioan”, București</p>
<p>2008-2008 – Medic rezident chirurgie generală – Spitalul Clinic Colentina, București</p>
<p>2006-2007 – Medic rezident medicină de familie – Spitalul de Urgență „Prof. Dr. Gerota” și Institutul de Ocrotire a Mamei și Copilului Alfred Rusescu, București</p>","<p>2013 -Medic specialist Chirurgie generală, Facultatea de Medicină și Farmacie</p>
<p>„Carol Davila”, București</p>
<p>2008-2013 – Rezidențiat Chirurgie generală – formare profesională – Centrul Universitar București</p>
<p>2006-2007 – Rezidențiat Medicină de familie – formare profesională – Centrul Universitar București</p>",,,,,Chirurgie generala
Dr. Dolofan Oana Claudia,Medic primar Radiologie și Imagistică,Dolofan oana.jpeg,,"<p>Radiologie și Imagistică Medicală</p>
<p>Ecografie generală</p>
<p>Tomografie computerizată</p>
<p>DEXA</p>",<p>2017- prezent: Medic Primar Radiologie și Imagistică Medicală NORD Muntenia Hospital</p>,"<p>2013 – Obținerea competenței de Tomografie Computerizată, Spitalul Clinic Colțea, București.</p>
<p>2013 – Obținerea permisului de exercitare a activităților nucleare nivel 2.</p>
<p>2012 – Obținerea titlului de Medic Specialist în Specialitatea „Radiologie și Imagistică Medicală”.</p>
<p>2010 – Obținerea competenței de Ecografie Generală, Spitalul Clinic Colțea, București.</p>
<p>2007: Concurs Național de Intrare în Rezidențiat, specialitate Radiologie – Imagistică Medicală, Spitalul Clinic Colțea, București.</p>
<p>2007: Susținerea examenului de LICENȚĂ, cu titlul „Artrita Idiopatică Juvenilă”.</p>
<p>2002: Atestat de Biostatistică Medicală.</p>
<p>2001-2007: U.M.F. „Carol Davila”, București, Facultatea de Medicină – specializare Medicină Generală.</p>
<p>1997-2001: Colegiul „Zinca Golescu”, Pitești, Argeș.</p>","<p>2011: Congres Național de Rezonanță Magnetică cu participare internațională, Spitalul Universitar de Urgență Militar Central „Dr. Carol Davila”, București.</p>
<p>2010: Conferința Națională de Imagistică a Sânului, Sibiu, România.</p>
<p>2010: Congresul European de Radiologie, Viena, Austria.</p>
<p>2009: ESOR GALEN Foundation Course ‘Chest/Cardiovascular Radiology’, Belgrad, Serbia și Muntenegru.</p>
<p>2009: Curs precongres „TBC”, București.</p>
<p>2009: Congresul Național de Radiologie și Imagistică Medicală, București, România.</p>
<p>2007: Concurs Național de Intrare în Rezidențiat, specialitate Radiologie – Imagistică Medicală, Spitalul Clinic Colțea, București.</p>",,,"<p>2009 – prezent Membră a ESR (European Society of Radiology).</p>
<p>Septembrie 2010 Membră a Colegiului Medicilor din România</p>",IMAGISTICA
Dr. Dincă Eugenia,Medic primar Radiologie și Imagistică,DIRECTOR MEDICAL DR. DINCA EUGENIA.jpeg,,<p>Radiologie și Imagistică medicală</p>,"<p>2018 – prezent: Director Medical – NORD Muntenia Hospital</p>
<p>2015- prezent: Medic primar Radiologie și Imagistică Medicală – NORD Muntenia Hospital</p>",,,,,,IMAGISTICA
Dr. Diaconu Bogdan,Medic primar Radiologie și Imagistică,,,"<p>Competențe în: ecografie, CT, RMN</p>",<p>2012 – prezent: Medic Primar Radiodiagnostic &amp; Imagistică Medicală- Nord Muntenia Hospital</p>,,,,,,IMAGISTICA
Dr. Diaconescu Georgiana,Medic specialist Psihiatrie Pedriatica,DIACONESCU GEORGIANA.jpeg,,"<ul>
<li>consultații</li>
<li>consiliere parentală</li>
<li>program educațional ADHD</li>
<li>psihoterapie copii şi adolescenți</li>
<li>tehnici educaționale în managementul  tulburărilor anxioase</li>
</ul>",,,,,,,Psihiatrie pediatrica
Dr. Ciopleași Moise,Medic primar ORL,CIOPLEIAS moise.JPEG,,<p>ORL</p>,"<p>2015 – prezent: Medic Primar ORL, Nord Muntenia Hospital</p>
<p>2004 – 2015: Medic Primar ORL; Șef sectție ORL, Spitalul Județean de Urgență Argeș, Pitești</p>
<p>1992 – 2004: Medic Primar ORL, Spitalul Județean de Urgență Argeș, Pitești</p>
<p>1981 – 1992: Medic Specialist ORL, Spitalul Județean de Urgență Argeș, Pitești</p>
<p>1978 – 1981: Medic secundar ORL la CMFA – CF ORL București</p>
<p>1973 – 1978: Medic medicină generală, Dispensar medical Rucăr, Jud. Argeș</p>
<p>1972 – 1973: Medic medicină generală, Dispensar medical Andreiașu, Jud. Vâlcea</p>","<p>1966 – 1972: Facultatea medicină general și farmacie Timișoara</p>
<p>1978 – 1981: Secundariat specialitatea ORL la CMFA – CF ORL București</p>","<p>1986 – Investigații și tehnici modern in laringologie și foniatrie la IMF București</p>
<p>1997 – Explorarea funcțională în patalogia cohleară și  vestibulară; Probleme de protezare auditivă la IMF București</p>
<p>1999 – Oto-rino-laringologie: imvestigarea fibroscopică în ORL la IMF București</p>
<p>2000 – Oto-rino-laringologie: imvestigarea fibroscopică în ORL la IMF București</p>
<p>2006 – 2007: Managementul serviciilor de sănătate, Facultatea de Științe Economice Juridice si Administrative la Universitatea Pitești</p>
<p>EMC Formare Medicala – Educație Medicală Continuă – bianuală</p>",,,,ORL
Dr. Băjan Flavius,Medic primar Urologie,Bajan flavius.jpg,,"<p>Oferă consultații de specialitate</p>
<p>Competență ecografie generală</p>
<p>Litotritie extracorporeală</p>
<p>Chirurgia oncologică urologică</p>
<p>Operații endoscopice urologice (prostată, vezică urinară, ureter, rinichi)</p>
<p>Operații laparoscopice urologice</p>
<p>Tratamentul multimodal al litiazei urinare, operații uro-ginecologice anti-incontinență urinară, andrologie (Tratamentul disfuncțiilor sexuale ale bărbatului).</p>","<p>2011-prezent Medic primar urolog Nord Muntenia Hospital</p>
<p>1997-2013: Medic șef al Secției de Urologie a Spitalului Județean de Urgență Argeș</p>","<p>1997: Medic primar urolog</p>
<p>1991: Medic specialist urolog la Spitalul Clinic Fundeni, sub conducerea profesorului dr. docent Eugen Proca</p>
<p>1982: Absolvent al Facultății de Medicină Generală  ‘Carol Davila’ București</p>","<p>2013: Curs estro de brahiterapie în cancerul prostatei – Köln</p>
<p>Curs de utilizare a laserului în urologie: Clinica de Urologie a Spitalului Universitar din Szeged – Ungaria cu dr. Pajtor László</p>
<p>Cursuri de formare în laparoscopie urologică cu profesorul dr. Ioan Coman, profesorul dr. Jens Rassweiler, dr. Maria del Pilar Laguna Pérez</p>
<p>1995 Cursuri și training-uri de formare în endoscopie urologică cu dr. John Denstedt, la Clinica de Urologie Fundeni</p>
<p>1993 Cursuri și training-uri de formare în endoscopie urologică la Tg. Mureș cu profesorul Dr. Dorin Niculescu</p>",,,"<p>2004: Membru al Societății Europene de Urologie</p>
<p>1998: Membru al Societății Române de Urologie</p>",Urologie
Dr. Azamfire Bogdan,Medic primar Chirurgie generala,AZAMFIRE bogdan.jpeg,,"<p>Chirurgie generală</p>
<p>Consultații în ambulatorul de specialitate</p>
<p>Senologie</p>
<p>Intervenții chirurgicale în spitalizare de zi și spitalizare continuă</p>",<p>2017- prezent: Medic primar Chirurgie generală – NORD Muntenia Hospital</p>,,,,,,Chirurgie generala
Dr. Anghel Tiberiu,Medic specialist Gastronterologie,ANGHEL TIBERIU.JPEG,,"<p>Consultații în ambulatoriu</p>
<p>Endoscopii – spitalizare de zi</p>
<p>Colonoscopii – spitalizare de zi</p>
<p>Polipectomii – spitalizare de zi</p>","<p>Prezent: Medic specialist Gastroenterologie, Nord Muntenia Hospital</p>","<p>2017-2019: medic rezident gastroenterologie, Spitalul Clinic Colentina – București</p>
<p>2015-2017: medic rezident, la Spitalul Universitar Militar Central “Dr. Carol Davila” – București”</p>
<p>Absolvent al Facultății de Medicină “Victor Papilian” – Sibiu</p>","<p>2019 – Nutri Gastro Course</p>
<p>2017 – Obezitatea- abordare interdisciplinară</p>
<p>2016 – Update in chronic digestive diseases: What is changing, what is challenging</p>
<p>2016- Modern multidisciplinary approach on hepatic carcinoma</p>",,,,Gastronterologie
Psih. Gheorghe Cristina,Psiholog clinician,Gheorghe Cristina.jpeg,,"<p>Consultanții de specialitate</p>
<p>Psiholog autonom în psihologia Transporturilor, Muncii și Organizațională</p>
<p>Psihologie Aplicată în domeniul Apărării, Ordinei Publice și Siguranței Naționale</p>
<p>Acreditat de Institutul de Psihologie Aplicată în domeniul Sănătății Mintale pentru Examinarea psihologică specifică Comisiilor Medico-Legale Psihiatrice aflate în cadrul IML-urilor</p>
<p>Acreditat de Agenția Națională ANTIDROG, în Intervenții timpurii pentru consumatorii de droguri care au fost identificați/depistați pentru prima oară</p>",,"<p>Master în Psihologie Medico-Legală și Criminalistică</p>
<p>Specialist în programul internațional Mental Health Facilitator ASAP – dezvoltat și susținut de către MBCC USA în colaborare cu OMS</p>
<p> </p>
<p> </p>
<h4></h4>",,,,,Psihologie
Psih. Drăgan Codruța,Psiholog clinician,,,"<p>Consultanții de specialitate</p>
<p>Evaluarea și diagnoza copiilor, tinerilor, membrilor familiei:</p>
<p>consiliere psihologică – prin tehnici de formare și educare a unor deprinderi și atitudini ce contribuie la învățarea eficientă, a capacităților de integrare în viața comunitară, a conduitelor și atitudinilor sănogene;</p>
<p>consiliere vocațională: prin aplicarea metodelor și tehnicilor de identificare a aptitudinilor, valorilor și intereselor profesionale;</p>
<p>cercetare: participarea în activități de cercetare specifice domeniului;</p>
<p> </p>
<p>Psihodiagnostic și evaluare clinică:</p>
<p>evaluare subiectiv-emoțională;</p>
<p>evaluare cognitivă;</p>
<p>evaluare comportamentală;</p>
<p>evaluare bio-fiziologică (ex. prin proceduri de bio-feedback);</p>
<p>evaluarea simplă a personalității și a mecanismelor de coping/adaptare/defensive;</p>
<p>evaluarea psihologică asociată activităților cu cupluri sau familii (sau altor grupuri);</p>
<p>evaluarea contextului familial, profesional, social, economic, cultural în care se manifestă problemele psihologice;</p>
<p> </p>
<p>Intervenție/asistență/consultanță psihologică:</p>
<p>educație pentru sănătate, promovarea sănătății și a unui stil de viață sănătos (ex. prin prevenție primară și secundară), prevenirea îmbolnăvirilor (ex. prin modificarea stilului de viață);</p>
<p>elaborarea, implementarea, monitorizarea și evaluarea programelor de promovare a sănătății și de prevenire a îmbolnăvirilor la nivel individual, de grup, comunitar și/sau guvernamental;</p>
<p>intervenții specifice pentru persoanele cu nevoi speciale [aria psihopedagogiei speciale în condiții de psihopatologie (ex. logopedie clinică)];</p>
<p>consiliere și terapie suportivă;</p>
<p>optimizare și dezvoltare personală, autocunoaștere.</p>",,"<p>Facultatea de Psihologie, specialitatea Psihologie</p>
<p>Absolvent al Scolii de Psihoterapie Experientiala si a Unificarii (P.E.U.) centrata pe adult – copil – cuplu – familie, program de studiu finalizat cu drept de libera pratica in consiliere psihologica.</p>
<p> </p>
<p> </p>
<h4></h4>",,,,,Psihologie
Dr. Ursescu Diana,Medic primar Hematologie,,,<p>Hematologie</p>,<p>2018- prezent: Medic specialist Hematologie – NORD Muntenia Hospital</p>,,,,,,Hematologie
Dr. Stoica Paula,Medic primar ORL,STOICA PAULA.JPEG,,<p>ORL</p>,<p>2011 – prezent: Medic Primar ORL – Nord Muntenia Hospital</p>,,,,,,ORL
Dr. Șimon Elena,Medic specialist Obstetrică - Ginecologie,SIMON ELENA.jpg,,"<p>Consultații Obstetrică – Ginecologie</p>
<p>Ultrasonografie și Colposcopie</p>
<p>Servicii de spitalizare de zi si continua</p>",<p>2016 – prezent: Medic Primar Obstetrică- Ginecologie –  Nord Muntenia Hospital</p>,,,,,,Ginecologie
Dr. Neacșu Gabriela Liliana,Medic primar Hematologie,Neacsu GABRIELA.jpg,,"<p>Consultații hematologie</p>
<p>homeopatie</p>
<p>ecografie generală</p>
<p>îngrijiri paleative</p>
<p>Spitalizare de zi : anemii</p>
<p>boli onco-hematologice</p>","<p>2019- prezent Medic primar hematologie NORD Muntenia Hospital</p>
<p> </p>","<p>2008 Medic primar hematologie</p>
<p>2002 Medic specialist hematologie</p>
<p>1997- 2002 Medic rezident hematologie – Spitalul Clinic Fundeni – București</p>
<p>1996 Absolventă a Universității de Medicină și Farmacie “Carol Davila”- București</p>
<p> </p>
<p> </p>",,,,,Hematologie
Dr. Mirancea Ana-iulia,Medic specialist Neurologie,Mirancea ANA IULIA.jpg,,<p>Neurologie</p>,<p>2013- prezent: Medic specialist Neurologie – NORD Muntenia Hospital</p>,"<p>2013: Medic specialist neurolog în cadrul S.C. MED-AS S.A.</p>
<p>2006 – 2012: Medic rezident la Spitalul Clinic de Neuropsihiatrie Craiova, secția de Neurologie</p>
<p>1998 – 2004: Facultatea de Medicină Generală din cadrul Universității de Medicină și Farmacie din Craiova</p>",,,,,Neurologie
Dr. Matei Alexandra Gabriela,Medic specialist Endocrinologie,MATEI ALEXANDRA.jpeg,,"<p>Consultații Endocrinologice- patologie tiroidiană, paratiroide, hipofizară, infertilitate, tulburări menstruale, menopauză, osteoporoză, obezitate</p>
<p>Ecografie</p>
<p>Puncții tiroidiene</p>","<p>2023-Prezent: Medic specialist Endocrinologie, Nord Muntenia Hospital</p>
<p>2023-prezent: Medic specialist Endocrinologie, Clinici private București</p>","<p>2022- prezent: Medic specialist Endocrinologie</p>
<p>2018-2022: Medic rezident endocrinologie Institutul Național de Endocrinologie CI Parhon București</p>
<p>2011-2017 Doctor Medic – Universitatea Medicină și farmacie „Carol Davila”</p>","<p>2022: Papillary thyroid carcinoma in a 15-years old patient – Al 9-lea Congres Național de Diabet, Nutriție și Endocrinologie Pediatrică Timișoara, Romania</p>
<p>2022: Predicting the risk of developing cerebrospinal fluid fistula in patients with prolactinoma. The 25th European Congress of Endocrinology Istanbul, Turkey</p>
<p>2022: A rare association of thyroid medullary carcinoma with paraneoplastic Cushing syndrome: effects of multidisciplinary approach.  The 25th European Congress of Endocrinology Istanbul, Turkey</p>
<p>2021: Evolution of adrenal function after surgery in central or peripheral Cushing.  The 23rd European Congress of Endocrinology, Prague, 2011-Czech Republic</p>
<p>2020: Early diagnosis of acromegaly in chronic thyroiditis-case report. The 22nd European Congress of Endocrinology</p>
<p>2020: Real-time continuous glucose monitoring impact on the metabolic control over the summer in children with type 1 diabetes. The 22nd European Congress of Endocrinology</p>
<p>2020: Hipertiroidismul clinic în patologia vârstnicului. Congresul National de Medicina Interna</p>
<p>2019: Late relapse of Graves’ ophthalmopathy after total thyroidectomy in a patient with Graves’ disease. The 27th National Congress of Endocrinology</p>
<p>2018: Post-traumatic hypopituitarism – a case report. The 20th European Congress of Endocrinology, Barcelona, Spain</p>",,,,Endocrinologie
Dr. Mărgăritescu Alexandru-cristian,Medic specialist Chirurgie generala,margaritescu ALEXANDRU.jpeg,,"<p>Chirurgie generală</p>
<p>Consultații în ambulatorul de specialitate</p>
<p>Intervenții chirurgicale în spitalizare de zi și spitalizare continuă</p>
<p>Tratamentul pacienților cu patologie chirurgicală</p>",<p>2022- prezent: Medic specialist Chirurgie generală – NORD Muntenia Hospital</p>,"<p>Medic specialitatea Chirurgie generala</p>
<p>Rezidentiat efectuat în cadrul Spitalului Clinic Municipal de Urgență Timișoara</p>
<p>2008 – 2014: Absolvent al Universități de Medicină și Farmacie “Victor Babeș”- Timișoara</p>
<p> </p>
<p> </p>
<h4></h4>",,,,,Chirurgie generala
Dr. Gâtiță Codruț Emilian,Medic specialist ATI,dr guita.jpeg,,<p>Anestezie și Terapie Intesivă</p>,<p>2014- prezent: Medic specialist Anestezie și Terapie Intesivă – NORD Muntenia Hospital</p>,"<p>2008 -2014: Doctorand Chirurgie-Generală-Universitatea de Medicină și Farmacie Craiova;</p>
<p>2004-2006:  Psihopedagogie medicală</p>
<p>1999-2005: Universitatea de Medicină și Farmacie Craiova – Medicină Generală</p>
<p> </p>
<h4></h4>",,,,,ATI
Dr. Florea Marius Daniel,Medic primar Chirurgie generala,,,<p>Chirurgie generală</p>,<p>2016 – prezent: Medic Primar Chirurgie generală – NORD Muntenia Hospital</p>,,,,,,Chirurgie generala
Dr. Dulugeac Irina Alexandra,Medic specialist Medicina Interna,Dulugeac Irina.jpg,,"<p>Consultații de specialitate<br class=""html-br""/>EKG cu interpretare<br class=""html-br""/>Spirometrie<br class=""html-br""/>Holter TA</p>",<p>2023 – prezent: Medic specialist Medicină Internă NORD Muntenia Hospital</p>,,,,,,Medicina interna
Dr. Crăsneanu Mugurel-alexandru,Medic specialist Urologie,Crasneanu mugurel.jpg,,"<p>Urologie generală</p>
<p>Urologie oncologică</p>
<p>Urologie reconstructivă</p>
<p>Ultrasonografie</p>","<p>2020 – prezent: Medic Specialist Urologie – NORD Muntenia Hospital</p>
<p>2019 – prezent: Medic Specialist Urologie-Spitalul Militar de Urgență „Dr. Ion Jianu” Pitești</p>
<p>2018 – 2019: Medic Specialist Urologie -Spitalul Județean de Urgență Pitești</p>
<p>2018 – 2019: Medic Specialist Urologie – Clinici private</p>
<p>2017 – 2018: Medic Specialist Urologie-Institutul Clinic Fundeni, București</p>
<p>2012 – 2016: Medic rezident Urologie- Institutul Clinic Fundeni, București</p>","<p>2005 – 2011: Doctor-medic Universitatea de Medicina si Farmacie „Carol Davila”, București (România)</p>","<p>2020: Curs tratament minim invaziv al litiazei urinare Stone institute-Boston</p>
<p>2017: Competență în ultrasonografie</p>
<p>2016: ESUT Hands on training in Laparoscopy- EUREP Prague</p>
<p>2016: ESUT Hands on training in Flexible Ureterorenoscopy- EUREP Prague</p>
<p>2013: ESUT/EULIS Hands on training Ureterorenoscopy – Central European Meeting (CEM) Prague</p>
<p>2013: ESUT Hands on training in Laparoscopy-Central European Meeting (CEM) Prague</p>
<p>2012: Tehnici chirurgicale de bază în microchirurgie – Hands-on -Institutul Clinic de chirurgie generală și transplant hepatic Fundeni</p>",,"<p>PERINEAL URETHROSTOMY– FAST AND SAFE ACCESS FOR TURB IN ASSOCIATED LONG PENILE URETHRAL STRICTURE CASES C. Gîngu, M. Crăsneanu, A. Dick, C. Surcel, F. Lupu, M. Hârza, Mihaela Mihai*, Liliana Domnişor**, I. Sinescu Revista Română de Urologie, 2014, vol.13, nr.1, pag.14-17, ISSN: 1223-0650 (CNCSIS-B+486)</p>
<p>GIANT VERRUCOUS CARCINOMA OF THE PENIS – CASE REPORT C. Gîngu, A. Turcanu, A. Dick, M. Crasneanu, S. Patrascoiu, C. Surcel, V. Zogas, Liliana Domnişor, Mihaela Mihai, M. Hârza, I. Sinescu Revista Română de Urologie, 2014, vol.13, nr.1, pag.36-39, ISSN: 1223-0650 (CNCSIS-B+486)</p>
<p>TOTAL GLANS RESURFACING FOR “IN SITU” SQUAMOUS CELL CARCINOMA OF THE PENIS C. Gingu, V. Olaru, A. Dick, C. Baston, M. Crăsneanu, S. Pătrășcoiu, C. Surcel, O. Himedan, L. Domnișor, I. Sinescu Revista Română de Urologie, 2014, vol.13, nr.3, pag.53-57, ISSN: 1223-0650 (CNCSIS-B+486)</p>
<p>SIMULTANEOUS RADICAL ORCHIECTOMY AND PRIMARY RPLND IN A CASE OF CANCER DEVELOPED ON A SECONDARY INTRA-ABDOMINAL TESTIS C. Gîngu, A. Dick, F. Lupu, C. Baston, M. Crăsneanu, C. Surcel, L. Domnisor, M. Mihai, I. Sinescu Revista Română de Urologie, 2014, vol.13, nr.4, p.51-55, ISSN: 1223-0650 (CNCSIS-B+486)</p>
<p>THE OPTIMAL TIME FOR THE FIRST PSA EVALUATION POST RADICAL PROSTATECTOMY Gîngu C, Crăsneanu M, Baston C, Dick A, Surcel C, Voinea S, B. Ştefan, Cerempei V, Domnişor L, Sinescu I. Revista Română de Urologie, 2014, vol.13, nr.4, p.39-42, ISSN: 1223-0650 (CNCSIS-B+486)</p>
<p>RECOVERY OF SEXUAL FUNCTION AFTER RADICAL CYSTECTOMY WITH ORTHOTOPIC NEOBLADDER Gîngu C, Olaru V, Dick A, Baston C, Crăsneanu M, Surcel C, Voinea S, Domnişor L, Sinescu I. Revista Română de Urologie, 2014, vol.13, nr.4, p.28-32, ISSN: 1223-0650 (CNCSIS-B+486</p>",,Urologie
Dr. Cîrlan Alexandru Constantin,Medic specialist ortopedie traumatologie,Cirlan alexandru.jpeg,,"<p>Consultații medicale de specialitate</p>
<p>Infiltrații articulare și periarticulare</p>
<p>Intervenții chirurgicale</p>","<p>2020- prezent: Medic specialist ortopedie traumatologie NORD Muntenia Hospital</p>
<p>2020 – prezent: Medic specialist ortopedie traumatologie, Spitalul Militar de Urgență „Dr. Ion Jianu”, Pitești</p>","<p>2015-2019: Medic rezident ortopedie- traumatologie, Spitalul Clinic Universitar de Urgență Militar Central „Dr. Carol Davila”, București.</p>
<p>2016: Stagiu de artroscopie – Spital Clinic Universitar de Urgenta Militar Central “Dr.Carol Davila” Bucuresti, Congres Societatea Română de Ortopedie si Traumatologie – Timișoara</p>",,,,,Ortopedie
Dr. Bunea Ancuța Maria,Medic specialist ORL,BUNEA ancuta.jpeg,,<p>ORL</p>,"<p>2023-Prezent: Medic specialist ORL, Nord Muntenia Hospital</p>","<p>2023: Medic specialist ORL</p>
<p>2022: Medic rezident- Spitalul Robert Ballanger Franta</p>
<p>2018-2023 : Medic rezident la Spitalul Universitar de Urgență Militar Central”Dr. Carol Davila” București</p>
<p>2011-2017 Doctor Medic – Universitatea Medicină și farmacie „Carol Davila”</p>","<p>2022: Bioetică medicala „Institutul de Medicină Legală Mina Minovici, București”</p>
<p>2021: Chirurgie Oromaxilo-facială „Spitalul Clinic de Chirurgie Oromaxilo-facială Prof Dr. Dan Teodorescu, București”</p>
<p>2021: Neurologie „Spitalul Universitar Central Militar de Urgență” Carol Davila, București”</p>
<p>2021: Chirurgie Plastică  „Spitalul Universitar de Urgență București”</p>
<p>2021: Neurochirurgie „Spitalul Clinic de Urgență, Bagdasar Arseni, Bucuresti”</p>
<p>2020: Otorinolaringologie Pediatrică „Spitalul Clinic de Urgență Copii Marie Curie, București”</p>
<p>2019: Pneumologie „Institutul de Pneumoftiziologie Marius Nasta, București”</p>
<p>2019: ORL și Chirurgie Cervicală și Facială (audiologie, vestibulologie, foniatrie) Institutul de Fonoaudiologie și Chirurgie Funcțională ORL Prof. Dorin Hociota, Bucuresti</p>
<p>2018: Oftalmologie „Spitalul Universitar Central Militar de Urgență Carol Davila, București”</p>
<p>2018: Chirurgie general „Spitalul Universitar de Urgență București”</p>",,,"<p>Membru al Consiliului Municipal al colegiului medicilor din București.</p>
<p>Societatea Română de Otorinolaringologie și Chirurgie Cervicală și Facială</p>",ORL
Dr. Mihai Marian Alexandru,Medic specialist Reumatologie,MIHAI MARIAN ALEXANDRU.jpeg,,<p>Reumatologie</p>,"<p>2023-prezent Medic specialist Reumatologie -Nord Muntenia Hospital</p>
<p>2020-2021: Medic și administrator medical – Clinică privată</p>
<p>2021-Prezent: Medic Reumatolog – Clinică privată</p>
<p>2016-2019: Medic, Asociația Română Anti-Sida (ARAS)</p>","<p>2016-2020: Medic rezident reumatolog, Spitalul clinic „Sf Maria”</p>
<p>2008-2015: UMF Carol Davila – Medicină Generală, București</p>","<p>Cursuri și workshop-uri (Ecografie musculoscheletală, Densitometrie medicală, Infiltrații intrarticulare, etc.)</p>
<p>Participare pasivă la congrese și conferințe (Reumatologie, Diabet Nutriție și Boli Metabolice, Chirurgie, etc.)</p>",,,"<p>2008 – 2014: Membru SSMB</p>
<p>Membru Cercul de Microbiologie</p>",Reumatologie
Dr. Constantin Andreea Poliana,Medic primar Dermato- Venerologie,corbescu marina adina.jpeg,,"<p>Consultații Dermato-Venerologie</p>
<p>Intervenții Spitalizare de Zi</p>",,,,,,,Dermatologie
Dr. Barabancia Romete Simona,Medic primar Chirurgie plastica,,,"<p>Consultații chirurgie plastică microchirurgie reconstructivă</p>
<p>Intervenții spitalizare de zi și continuă</p>","<p>2011- prezent medic primar chirurgie plastică microchirurgie reconstructivă NORD Muntenia Hospital</p>
<p>2013- prezent medic sef sectia Chirurgie Plastica si Microchirurgie Reconstructiva – Spitalul Judetean Arges</p>","<p>2008 Medic Primar</p>
<p>2002 Medic Specialist</p>
<p>2000 Perfecționare postuniversitară în microchirurgie vase și nervi periferici (UMF Iuliu Hațieganu-Cluj</p>
<p>1996 Absolventă a Facultății de Medicină și Farmacie „Gr.T.Popa” Iași</p>",,,,,Chirurgie plastica
Dr. Ogrean Carmen Alina,Medic primar Psihiatrie,,,"<p>Tulburări de personalitate</p>
<p>Tulburări afective</p>
<p>Tulburări neurocognitive</p>","<p>2019 – prezent: Medic Primar psihiatrie –  Nord Muntenia Hospital</p>
<p>2015 – 2018: Director Medical al Spitalului de Psihiatrie “Sf. Maria” Vedea</p>
<p>2016: Schimburi de experientă cu medici psihatrici din Franța</p>
<h4></h4>","<p>Medic primar – UMF Carol Davila, București</p>
<p>Medic rezident psihiatrie – UMF Carol Davila, București, Clinica IX, Prof. Prelipceanu Dan</p>
<p>Absolventă a UMF Târgu Mureș, Facultatea de Medicină</p>",,,,,Psihiatrie
Dr. Todorovic Teodora-adela,Medic specialist Dermato- Venerologie,TODOROVIC ADELA.jpeg,,"<p>Consultații de specialitate</p>
<p>Eliberare avize dermatologice pentru recuperare medicală</p>
<p>Eliberare Dosare medicale pentru dosar de handicap</p>",,"<p>2017-2021 – Medic Rezident DERMATOVENEROLOGIE – Spitalul Clinic Colentina , București</p>
<p>2010-2016 – Universitatea de Medicină și Farmacie „Carol Davila” București</p>","<p>2019: Workshop „Full Face Reshaping”, București</p>
<p>2018: Al 19-lea Congres Național de Dermatologie cu participare internațională Brașov</p>
<p>2018: Al 17-lea Congres Național de Dermatologie cu participare internațională Târgu-Mureș</p>
<p>2018: Conferința Națională a Medicilor Rezidenți Dermatovenerologie Reziderma, ediția 5, București</p>
<p>2018: Al IV-lea Congres al Clubului Regal al Medicilor – Împreună construim excelența, București</p>
<p>2018: Lilly imunologie, modulul 1 – Cunoașterea și înțelegerea terapiilor biologice din psoriazis</p>
<p>2018: Lilly imunologie, modulul II – Terapia biologică în psoriazis – profiluri de pacienți eligibili pentru această soluție terapeutică, București</p>
<p>2018: Lilly imunologie, modulul III: Diferențierea biologicelor cu indicație în psoriazis, dedicat medicilor rezidenți specialitatea Dermatologie, București</p>
<p>2018: Lilly imunologie, modulul IV: Terapia biologică în psoriazis. Profilul de siguranță oferit de medicamentele biologice și diferențele ce pot să apară între acestea, dedicat medicilor rezidenți specialitatea Dermatologie, București</p>
<p>2017: Pentagon Events SKIN CANCER – Curs de dermatoscopie cu participare internațională, Spitalul Universitar de Urgență Elias, București</p>
<p>2017: NEAUVIA art of beauty – de la produs la tehnici pentru perfecționarea frumuseții, București</p>",,,,Dermatologie
Dr. Babalâc Dumitrache Robert,Medic primar ortopedie traumatologie,Babalac robert.jpg,,<p>Ortopedie – Traumatologie</p>,<p>2011 – prezent: Medic Primar Ortopedie – Traumatologie – Nord Muntenia Hospital</p>,,,,,,Ortopedie
